empresa_id,nombre,correo,telefono
1,Thoughtbeat,Thoughtbeat@correo.com,389-543-6086
2,Fivespan,Fivespan@correo.com,336-204-4566
3,Babbleopia,Babbleopia@correo.com,343-143-8538
4,Skaboo,Skaboo@correo.com,533-667-2973
5,Miboo,Miboo@correo.com,680-372-9859
6,Twimm,Twimm@correo.com,771-355-8122
7,Eazzy,Eazzy@correo.com,910-100-3045
8,Tanoodle,Tanoodle@correo.com,418-990-8508
9,Dabjam,Dabjam@correo.com,250-149-7854
10,Skinix,Skinix@correo.com,306-199-2258
11,Shuffledrive,Shuffledrive@correo.com,150-990-8752
12,Skipstorm,Skipstorm@correo.com,502-368-7586
13,Agivu,Agivu@correo.com,422-442-9670
14,Ozu,Ozu@correo.com,814-870-0907
15,Quamba,Quamba@correo.com,531-106-0941
16,Mydo,Mydo@correo.com,700-393-7123
17,Demizz,Demizz@correo.com,400-783-4781
18,Abatz,Abatz@correo.com,999-395-6232
19,Browseblab,Browseblab@correo.com,266-990-1298
20,Oyondu,Oyondu@correo.com,602-212-6150
21,Photofeed,Photofeed@correo.com,319-423-8865
22,Riffpedia,Riffpedia@correo.com,834-742-3620
23,Yakijo,Yakijo@correo.com,941-827-4570
24,Gevee,Gevee@correo.com,620-328-0026
25,Jaxworks,Jaxworks@correo.com,809-963-4897
26,Centidel,Centidel@correo.com,200-534-8144
27,Youfeed,Youfeed@correo.com,672-756-8473
28,Mudo,Mudo@correo.com,494-347-2090
29,Aimbu,Aimbu@correo.com,664-870-8488
30,Avavee,Avavee@correo.com,780-729-8183
31,Twinder,Twinder@correo.com,801-111-2005
32,Photospace,Photospace@correo.com,101-120-5201
33,Photobug,Photobug@correo.com,716-157-6647
34,Flashspan,Flashspan@correo.com,384-994-9373
35,Brightbean,Brightbean@correo.com,357-480-1958
36,Kaymbo,Kaymbo@correo.com,289-313-2533
37,Npath,Npath@correo.com,354-264-6069
38,Realcube,Realcube@correo.com,113-632-7266
39,Jazzy,Jazzy@correo.com,739-767-5167
40,Mymm,Mymm@correo.com,321-158-9940
41,Zoombeat,Zoombeat@correo.com,513-279-7705
42,Eadel,Eadel@correo.com,165-495-7147
43,Talane,Talane@correo.com,770-719-3415
44,Aivee,Aivee@correo.com,688-922-2184
45,Realblab,Realblab@correo.com,142-591-2249
46,Zoomdog,Zoomdog@correo.com,680-847-4902
47,Aimbo,Aimbo@correo.com,655-271-2392
48,Fivebridge,Fivebridge@correo.com,200-286-5505
49,Buzzbean,Buzzbean@correo.com,493-891-4411
50,Zoomlounge,Zoomlounge@correo.com,138-736-8576
51,Tagcat,Tagcat@correo.com,411-344-4478
52,Divavu,Divavu@correo.com,430-498-6995
53,Meeveo,Meeveo@correo.com,507-378-7599
54,Wordware,Wordware@correo.com,305-616-3145
55,Meezzy,Meezzy@correo.com,759-771-3149
56,Fivechat,Fivechat@correo.com,509-611-3061
57,Devpoint,Devpoint@correo.com,529-249-7913
58,Voonder,Voonder@correo.com,351-461-4182
59,Meejo,Meejo@correo.com,917-448-6182
60,Layo,Layo@correo.com,602-700-6147
61,Geba,Geba@correo.com,777-276-5393
62,Teklist,Teklist@correo.com,663-393-0472
63,Browsetype,Browsetype@correo.com,625-308-8475
64,Jabbercube,Jabbercube@correo.com,464-227-0422
65,Minyx,Minyx@correo.com,475-936-6263
66,Tagchat,Tagchat@correo.com,398-338-6008
67,Devbug,Devbug@correo.com,763-921-8190
68,Browsedrive,Browsedrive@correo.com,111-780-1119
69,Skidoo,Skidoo@correo.com,514-785-9476
70,Dynazzy,Dynazzy@correo.com,789-144-5615
71,Gabspot,Gabspot@correo.com,949-235-5648
72,Leenti,Leenti@correo.com,622-355-1803
73,Wikizz,Wikizz@correo.com,473-641-6372
74,Topdrive,Topdrive@correo.com,462-824-4458
75,Twimbo,Twimbo@correo.com,445-382-3479
76,Twitterbeat,Twitterbeat@correo.com,313-684-3731
77,Shuffletag,Shuffletag@correo.com,907-658-5980
78,Skyba,Skyba@correo.com,114-438-9839
79,JumpXS,JumpXS@correo.com,954-165-8354
80,Mycat,Mycat@correo.com,600-279-0184
81,Janyx,Janyx@correo.com,184-828-8508
82,Demimbu,Demimbu@correo.com,347-947-3763
83,Avamba,Avamba@correo.com,595-404-9361
84,Avaveo,Avaveo@correo.com,229-941-8844
85,Izio,Izio@correo.com,580-403-3041
86,Edgewire,Edgewire@correo.com,319-315-1185
87,Thoughtblab,Thoughtblab@correo.com,714-745-7931
88,Realpoint,Realpoint@correo.com,535-220-4603
89,Bubbletube,Bubbletube@correo.com,121-915-4958
90,Meetz,Meetz@correo.com,497-394-8800
91,Thoughtstorm,Thoughtstorm@correo.com,609-918-5275
92,Tekfly,Tekfly@correo.com,600-310-4946
93,Realbridge,Realbridge@correo.com,180-426-3106
94,Kazu,Kazu@correo.com,201-546-9504
95,Yambee,Yambee@correo.com,993-394-9049
96,Zazio,Zazio@correo.com,696-369-1723
97,Digitube,Digitube@correo.com,265-153-7672
98,Fatz,Fatz@correo.com,865-837-0803
99,Roodel,Roodel@correo.com,139-723-6453
100,Devcast,Devcast@correo.com,215-974-8695
101,Riffwire,Riffwire@correo.com,890-344-8471
102,Skivee,Skivee@correo.com,759-178-8700
103,Brainsphere,Brainsphere@correo.com,980-578-2067
104,Eidel,Eidel@correo.com,240-214-7481
105,Zoomcast,Zoomcast@correo.com,830-756-9325
106,Quimba,Quimba@correo.com,619-847-5170
107,Topicstorm,Topicstorm@correo.com,514-526-2026
108,Linkbridge,Linkbridge@correo.com,102-291-1794
109,Edgetag,Edgetag@correo.com,154-265-1063
110,Yoveo,Yoveo@correo.com,770-468-3312
111,Demivee,Demivee@correo.com,539-965-5540
112,Gigaclub,Gigaclub@correo.com,270-940-4232
113,Flashset,Flashset@correo.com,839-334-0080
114,Livepath,Livepath@correo.com,996-285-8332
115,Bluezoom,Bluezoom@correo.com,146-952-5436
116,Wordtune,Wordtune@correo.com,704-115-6717
117,Devpulse,Devpulse@correo.com,919-234-9652
118,Skiptube,Skiptube@correo.com,882-282-4494
119,Thoughtmix,Thoughtmix@correo.com,230-378-6250
120,Dynabox,Dynabox@correo.com,210-539-6663
121,Topicblab,Topicblab@correo.com,587-264-9716
122,Eayo,Eayo@correo.com,813-713-5816
123,Dazzlesphere,Dazzlesphere@correo.com,756-702-8564
124,Livetube,Livetube@correo.com,838-334-0156
125,Vipe,Vipe@correo.com,300-177-2374
126,Plajo,Plajo@correo.com,308-524-3901
127,Buzzdog,Buzzdog@correo.com,658-510-2952
128,Edgeclub,Edgeclub@correo.com,834-840-8904
129,Zooveo,Zooveo@correo.com,372-107-8931
130,Kazio,Kazio@correo.com,904-100-6063
131,Wikido,Wikido@correo.com,665-784-8253
132,Dabvine,Dabvine@correo.com,790-207-9335
133,Jabberstorm,Jabberstorm@correo.com,255-679-9329
134,Brightdog,Brightdog@correo.com,202-747-9149
135,Meemm,Meemm@correo.com,934-650-3622
136,Browsecat,Browsecat@correo.com,708-679-1168
137,Voolith,Voolith@correo.com,109-389-1524
138,Feedfire,Feedfire@correo.com,762-544-3836
139,Livefish,Livefish@correo.com,421-322-2041
140,Divanoodle,Divanoodle@correo.com,940-456-2475
141,Voonte,Voonte@correo.com,872-102-3574
142,Rhybox,Rhybox@correo.com,588-267-5203
143,Zoozzy,Zoozzy@correo.com,726-660-2972
144,Kayveo,Kayveo@correo.com,862-895-3765
145,Ailane,Ailane@correo.com,296-336-8784
146,Kwideo,Kwideo@correo.com,793-159-3785
147,Kwimbee,Kwimbee@correo.com,701-773-3654
148,Jaxnation,Jaxnation@correo.com,809-712-7805
149,Meedoo,Meedoo@correo.com,297-351-7218
150,Trupe,Trupe@correo.com,180-422-0439
151,Jamia,Jamia@correo.com,420-290-7606
152,Topiczoom,Topiczoom@correo.com,667-196-5773
153,Twitterwire,Twitterwire@correo.com,854-836-1136
154,Oyoyo,Oyoyo@correo.com,781-923-9750
155,Fiveclub,Fiveclub@correo.com,129-304-8613
156,Trudoo,Trudoo@correo.com,793-679-4731
